[
  {
    "id": "001",
    "title": "Le secret des tomates thanalaniennes",
    "content": "Selon nos sources, le prix des tomates ne cesse d’augmenter à cause d’un mystérieux cartel de Namazu.",
    "tag": "Chronique",
    "image": "assets/test.png",
    "date": "7 avr. 2025"
  },
  {
    "id": "002",
    "title": "Mandats de pêche : arnaque ou opportunité ?",
    "content": "Nos envoyés spéciaux à Limsa Lominsa nous rapportent que le taux de retour des poissons rares serait en baisse.",
    "tag": "Make a Gils",
    "image": "assets/test.png",
    "date": "4 avr. 2025"
  },
  {
    "id": "003",
    "title": "Comment level une classe secondaire rapidement ?",
    "content": "Utilisez les rouleaux de compagnie libre, les tenues bonus, et mangez bien vos buff-foods !",
    "tag": "Guide",
    "image": "assets/test.png",
    "date": "2 avr. 2025"
  }
]
